hotspot_id,latitude_center,longitude_center,total_violations,junction_name,police_station,dominant_vehicle_type,dominant_violation_type,dominant_offence_code
H31,12.977891137415659,77.57794673217136,193410,Unmapped Location,Upparpet,SCOOTER,WRONG PARKING,112
H46,12.936735643474504,77.69100913793785,20215,Unmapped Location,HAL Old Airport,SCOOTER,NO PARKING,113
H134,13.05156876352533,77.58742858416075,14703,Unmapped Location,Kodigehalli,SCOOTER,WRONG PARKING,112
H14,12.9158590461881,77.6282650683924,12576,Unmapped Location,HSR Layout,CAR,WRONG PARKING,112
H116,13.002566541482818,77.68598141448777,11331,Unmapped Location,K.R. Pura,CAR,WRONG PARKING,112
H204,13.18556663287743,77.68049832041439,5140,Unmapped Location,Chikkajala,CAR,NO PARKING,113
H88,12.965612487593809,77.71561646993966,4753,Unmapped Location,HAL Old Airport,CAR,WRONG PARKING,112
H3,12.84183382761682,77.64606441663176,2117,Unmapped Location,Electronic City,SCOOTER,WRONG PARKING,112
H118,13.013820223178257,77.53041493949515,1697,Unmapped Location,Rajajinagar,CAR,WRONG PARKING,112
H99,12.97251386163103,77.65755565785835,1375,Unmapped Location,Jeevanbheemanagar,SCOOTER,NO PARKING,113
H40,12.910976951671733,77.60379891079027,1316,BTP130 - GD Mara Junction,Mico Layout,SCOOTER,NO PARKING,113
H193,13.096057931219256,77.59766923334638,1263,Unmapped Location,Yelahanka,SCOOTER,WRONG PARKING,112
H30,12.904760543405708,77.67764295503429,1254,Unmapped Location,Bellandur,CAR,NO PARKING,113
H157,13.047666587088388,77.57553842738301,1154,Unmapped Location,Kodigehalli,SCOOTER,WRONG PARKING,112
H205,13.1912025655683,77.64618910578727,959,Unmapped Location,Chikkajala,CAR,NO PARKING,113
H111,12.993363802596342,77.66240279677896,956,Unmapped Location,Banaswadi,SCOOTER,NO PARKING,113
H13,12.877843560493082,77.59613643497313,780,Unmapped Location,Hulimavu,SCOOTER,WRONG PARKING,112
H163,13.047896218868372,77.49991184836364,747,Unmapped Location,Chikkabanavara,SCOOTER,WRONG PARKING,112
H147,13.034395045645194,77.62478625236734,735,Unmapped Location,K.G. Halli,CAR,NO PARKING,113
H105,12.987421517012448,77.73425390345783,723,Unmapped Location,Mahadevapura,MOTOR CYCLE,PARKING ON FOOTPATH | WRONG PARKING,105 | 112
H198,13.121471539608178,77.62378504045996,587,Unmapped Location,Yelahanka,MAXI-CAB,WRONG PARKING,112
H11,12.8705582342513,77.65486164798172,576,Unmapped Location,Electronic City,CAR,WRONG PARKING,112
H100,12.978982911188861,77.69526599405917,575,Unmapped Location,Mahadevapura,MAXI-CAB,NO PARKING,113
H155,13.039807091606715,77.517288325,556,Unmapped Location,Peenya,CAR,NO PARKING,113
H2,12.83995883669212,77.67710985645354,477,Unmapped Location,Electronic City,SCOOTER,NO PARKING,113
H140,13.031823952571584,77.55932361744658,477,Unmapped Location,Yeshwanthpura,CAR,WRONG PARKING,112
H112,12.989556613521142,77.50319309170207,464,Unmapped Location,Kamakshipalya,SCOOTER,NO PARKING,113
H37,12.905181353965967,77.70048890114522,421,Unmapped Location,Bellandur,CAR,WRONG PARKING,112
H90,12.968755732402672,77.74858209123252,403,Unmapped Location,Whitefield,CAR,NO PARKING,113
H194,13.099034148110832,77.58342813198992,397,Unmapped Location,Yelahanka,SCOOTER,NO PARKING,113
H20,12.888648870645882,77.56275051644256,385,Unmapped Location,Thalagattapura,SCOOTER,NO PARKING,113
H41,12.9081817546803,77.54724293010369,367,Unmapped Location,K.S. Layout,CAR,PARKING IN A MAIN ROAD | WRONG PARKING,107 | 112
H66,12.9267196696793,77.55071047230321,343,BTP155 - Katriguppe Junction,Banashankari,SCOOTER,NO PARKING,113
H10,12.875420837904358,77.54233837728324,340,Unmapped Location,Thalagattapura,CAR,WRONG PARKING,112
H124,13.007668174702381,77.5805757452381,336,Unmapped Location,Sadashivanagar,CAR,NO PARKING,113
H137,13.022268675100202,77.63917859168697,316,Unmapped Location,Banaswadi,SCOOTER,WRONG PARKING,112
H96,12.973133967656766,77.5093558349835,303,Unmapped Location,Jnanabharathi,CAR,NO PARKING,113
H1,12.820388560409556,77.68766548976109,293,Unmapped Location,Electronic City,SCOOTER,PARKING IN A MAIN ROAD | WRONG PARKING,107 | 112
H121,13.007778098444067,77.7583580455424,276,Unmapped Location,Mahadevapura,CAR,NO PARKING,113
H92,12.960036825327261,77.73220328008418,251,Unmapped Location,Whitefield,CAR,NO PARKING,113
H171,13.050494744400002,77.52553118239999,250,Unmapped Location,Jalahalli,SCOOTER,NO PARKING,113
H71,12.934975759016393,77.53651790614755,244,Unmapped Location,Banashankari,SCOOTER,NO PARKING,113
H109,12.987117015662156,77.51954193886941,239,Unmapped Location,Kamakshipalya,SCOOTER,NO PARKING,113
H162,13.04583421885965,77.75027977368421,228,Unmapped Location,K.R. Pura,CAR,NO PARKING,113
H174,13.05728048156682,77.54693831751153,217,Unmapped Location,Jalahalli,CAR,NO PARKING,113
H51,12.917171238388626,77.5960605535545,211,"BTP202 - East End Main Road, Jayanagar",Jayanagara,CAR,NO PARKING | WRONG PARKING | PARKING ON FOOTPATH,113 | 112 | 105
H24,12.894512620772947,77.59892760386474,207,Unmapped Location,J.P. Nagar,CAR,NO PARKING,113
H168,13.05422688615723,77.50748921743295,203,Unmapped Location,Chikkabanavara,CAR,NO PARKING,113
H186,13.070455450495048,77.63118966831684,202,Unmapped Location,Hennuru,CAR,NO PARKING,113
H115,12.992411264179106,77.65256316019901,201,Unmapped Location,Banaswadi,CAR,PARKING IN A MAIN ROAD | WRONG PARKING,107 | 112
H166,13.047537657788945,77.54556866934674,199,Unmapped Location,Jalahalli,CAR,WRONG PARKING | NO PARKING | PARKING IN A MAIN ROAD,112 | 113 | 107
H169,13.050943042131978,77.5526950218274,197,Unmapped Location,Jalahalli,SCOOTER,NO PARKING,113
H76,12.94104553617986,77.74737138521732,185,Unmapped Location,Whitefield,CAR,WRONG PARKING,112
H33,12.896648875882352,77.72005273058824,170,Unmapped Location,Whitefield,SCOOTER,WRONG PARKING,112
H86,12.951352218823528,77.60721419058824,170,BTP132 - Anepalya Junction,Ashok Nagar,CAR,NO PARKING,113
H165,13.047264864814814,77.62832221790123,162,Unmapped Location,Hennuru,SCOOTER,NO PARKING,113
H179,13.061418930860425,77.57574698119902,154,Unmapped Location,Kodigehalli,CAR,WRONG PARKING,112
H126,13.003463336486487,77.72349642094595,148,Unmapped Location,K.R. Pura,SCOOTER,PARKING IN A MAIN ROAD | WRONG PARKING,107 | 112
H29,12.897693952062015,77.65870928174097,143,Unmapped Location,Bellandur,SCOOTER,WRONG PARKING,112
H44,12.912926747547855,77.4820446337977,139,Unmapped Location,Kengeri,CAR,NO PARKING,113
H199,13.14337736289855,77.61783308094203,138,Unmapped Location,Chikkajala,MOTOR CYCLE,NO PARKING,113
H60,12.923330173466175,77.65111189900502,133,Unmapped Location,HSR Layout,CAR,NO PARKING,113
H8,12.855131576302032,77.66392578434504,120,Unmapped Location,Electronic City,SCOOTER,PARKING IN A MAIN ROAD | WRONG PARKING,107 | 112
H167,13.057325084166667,77.65016962833333,120,Unmapped Location,Hennuru,CAR,NO PARKING,113
H7,12.85093054137931,77.65745046896551,116,Unmapped Location,Electronic City,SCOOTER,WRONG PARKING,112
H191,13.084163171296295,77.63669918055555,108,Unmapped Location,Hennuru,MOTOR CYCLE,WRONG PARKING,112
H74,12.938220045794392,77.59262701121494,107,Unmapped Location,Wilson Garden,VAN,NO PARKING,113
H154,13.035396431132076,77.7352972009434,106,Unmapped Location,K.R. Pura,MOTOR CYCLE,PARKING ON FOOTPATH | NO PARKING,105 | 113
H106,12.985459871698112,77.74565409339623,106,Unmapped Location,Whitefield,SCOOTER,PARKING IN A MAIN ROAD | NO PARKING,107 | 113
H172,13.054274614285713,77.7629146247619,105,Unmapped Location,K.R. Pura,MOTOR CYCLE,WRONG PARKING,112
H6,12.856086672697483,77.58887933270452,98,Unmapped Location,Hulimavu,CAR,NO PARKING,113
H73,12.94004631020408,77.49349123061225,98,Unmapped Location,Jnanabharathi,CAR,NO PARKING,113
H28,12.89538556046823,77.56936045168204,96,Unmapped Location,K.S. Layout,CAR,NO PARKING,113
H138,13.021124980804505,77.6567983375836,95,Unmapped Location,Hennuru,CAR,WRONG PARKING,112
H107,12.986493690118117,77.47747592095745,94,Unmapped Location,Kamakshipalya,CAR,WRONG PARKING,112
H207,13.197931435869565,77.70482110543479,92,Unmapped Location,Devanahalli Airport,CAR,NO PARKING,113
H183,13.068550066666667,77.53030765444444,90,Unmapped Location,Jalahalli,SCOOTER,WRONG PARKING,112
H122,13.003475202272728,77.6623748965909,88,Unmapped Location,Banaswadi,SCOOTER,NO PARKING,113
H208,13.244784907228915,77.7132530506024,83,Unmapped Location,Devanahalli Airport,CAR,NO PARKING,113
H131,13.013022274390243,77.6264171012195,82,Unmapped Location,Banaswadi,SCOOTER,NO PARKING,113
H135,13.01833436410763,77.70773945495715,82,Unmapped Location,K.R. Pura,CAR,NO PARKING,113
H16,12.875975647499999,77.6709775275,80,Unmapped Location,Electronic City,SCOOTER,WRONG PARKING,112
H173,13.055010210666666,77.53491409066667,75,Unmapped Location,Jalahalli,SCOOTER,WRONG PARKING,112
H9,12.861937021621621,77.52999799594595,74,Unmapped Location,Thalagattapura,CAR,NO PARKING,113
H123,13.002153278207018,77.63303302505102,72,Unmapped Location,Banaswadi,SCOOTER,NO PARKING,113
H129,13.010795259722222,77.50633090972222,72,Unmapped Location,Peenya,PASSENGER AUTO,WRONG PARKING,112
H196,13.10941467420991,77.60351501822987,72,Unmapped Location,Yelahanka,MAXI-CAB,WRONG PARKING,112
H42,12.907726597180858,77.53302121786982,68,Unmapped Location,K.S. Layout,MOPED,PARKING IN A MAIN ROAD | WRONG PARKING,107 | 112
H125,13.004544852941176,77.71193836617647,68,Unmapped Location,K.R. Pura,SCOOTER,WRONG PARKING,112
H160,13.045803084487355,77.52241673777046,64,Unmapped Location,Jalahalli,CAR,NO PARKING,113
H67,12.927266365079365,77.59719157142858,63,"BTP127 - Sagar Hospital, Jayanagar",Jayanagara,CAR,NO PARKING,113
H132,13.01413771147541,77.4921550590164,61,Unmapped Location,Kamakshipalya,CAR,WRONG PARKING,112
H89,12.953592791666667,77.62058108833334,60,Unmapped Location,Ashok Nagar,SCOOTER,NO PARKING,113
H119,12.999235071666668,77.48883607166667,60,Unmapped Location,Kamakshipalya,SCOOTER,WRONG PARKING,112
H149,13.026724197740114,77.51934606949152,59,Unmapped Location,Peenya,CAR,WRONG PARKING,112
H39,12.903501152163498,77.64207605693441,58,Unmapped Location,HSR Layout,LGV,WRONG PARKING,112
H15,12.876004212068965,77.61662020517241,58,Unmapped Location,Hulimavu,CAR,NO PARKING,113
H182,13.063265233333334,77.65032310350877,57,Unmapped Location,Hennuru,CAR,WRONG PARKING,112
H75,12.938113279967343,77.55620864876023,56,Unmapped Location,Basavanagudi,CAR,WRONG PARKING,112
H190,13.081696405819756,77.54826110635493,53,Unmapped Location,Yelahanka,CAR,NO PARKING,113
H18,12.883556637275948,77.75235374470373,52,Unmapped Location,No Police Station,CAR,WRONG PARKING,112
H150,13.026376003846154,77.72058755961538,52,Unmapped Location,K.R. Pura,CAR,NO PARKING,113
H50,12.917050117647058,77.50018557647059,51,Unmapped Location,Kengeri,SCOOTER,NO PARKING,113
H55,12.920771409803923,77.60047765686275,51,BTP128 - Gorappanapalya Junction,Mico Layout,SCOOTER,NO PARKING,113
H81,12.945696853061223,77.6025479367347,49,BTP134 - Mico Bande,Adugodi,CAR,WRONG PARKING,112
H197,13.116474926530612,77.5781159755102,49,Unmapped Location,Yelahanka,CAR,NO PARKING,113
H180,13.05868756122449,77.46638931020408,49,Unmapped Location,No Police Station,CAR,WRONG PARKING,112
H94,12.961753366666665,77.61523552083334,48,BTP142 - Lower Agram Road Junction,Ashok Nagar,CAR,WRONG PARKING,112
H176,13.057333668085107,77.47281449361702,47,Unmapped Location,No Police Station,CAR,WRONG PARKING,112
H189,13.079225710638298,77.55901767446808,47,Unmapped Location,Yelahanka,CAR,WRONG PARKING,112
H70,12.931521104347826,77.59255009565217,46,Unmapped Location,Jayanagara,SCOOTER,WRONG PARKING,112
H156,13.041945052272728,77.61349398409091,44,Unmapped Location,K.G. Halli,CAR,WRONG PARKING,112
H127,13.010511938069861,77.65948298444728,43,Unmapped Location,Banaswadi,CAR,NO PARKING,113
H195,13.097930583720931,77.56693094418604,43,Unmapped Location,Yelahanka,SCOOTER,NO PARKING,113
H0,12.806362238095238,77.69840978095237,42,Unmapped Location,Electronic City,CAR,PARKING IN A MAIN ROAD | WRONG PARKING | NO PARKING,107 | 112 | 113
H185,13.067850911904761,77.58040701904763,42,Unmapped Location,Kodigehalli,CAR,WRONG PARKING,112
H102,12.980431197560975,77.72432090487804,41,Unmapped Location,Mahadevapura,CAR,WRONG PARKING,112
H181,13.060786964102563,77.46124334102565,39,Unmapped Location,No Police Station,CAR,WRONG PARKING,112
H83,12.948508635897436,77.62745915897436,39,Unmapped Location,Ashok Nagar,CAR,WRONG PARKING,112
H113,12.990609726737507,77.68786095769973,38,Unmapped Location,Mahadevapura,SCOOTER,NO PARKING,113
H48,12.91540688611111,77.61574693611111,36,"BTP164 - 29th Main Road, BTM Layout",Mico Layout,SCOOTER,WRONG PARKING,112
H80,12.942319514285714,77.54834232857144,35,Unmapped Location,Banashankari,SCOOTER,WRONG PARKING | PARKING IN A MAIN ROAD,112 | 107
H22,12.8873454612673,77.6496439708392,33,Unmapped Location,Electronic City,SCOOTER,WRONG PARKING,112
H103,12.9835753,77.67983541515152,33,Unmapped Location,Banaswadi,PASSENGER AUTO,PARKING OPPOSITE TO ANOTHER PARKED VEHICLE | WRONG PARKING,108 | 112
H141,13.020839115151515,77.61351105757576,33,Unmapped Location,K.G. Halli,LGV,WRONG PARKING,112
H25,12.892228190625,77.57208905,32,Unmapped Location,Thalagattapura,CAR,WRONG PARKING,112
H108,12.985925412903226,77.48739930967743,31,Unmapped Location,Kamakshipalya,SCOOTER,NO PARKING,113
H43,12.909757741935485,77.51337037741936,31,Unmapped Location,Kengeri,SCOOTER,NO PARKING,113
H87,12.95010815483871,77.68973369677418,31,Unmapped Location,HAL Old Airport,CAR,NO PARKING,113
