hotspot_id,junction_name,police_station,latitude_center,longitude_center,road_latitude,road_longitude,predicted_violation_count,risk_level,priority_score,congestion_impact_score,final_enforcement_score,recommended_enforcement_time,hour,prediction_date,traffic_data_source,live_traffic_score,traffic_delay_ratio,normal_duration_seconds,traffic_duration_seconds,current_speed_kmph,free_flow_speed_kmph,traffic_confidence,road_closure,dominant_vehicle_type,dominant_violation_type,dominant_offence_code,historical_total,historical_avg,lag_1_day_count,lag_7_day_count,rolling_7_day_avg,hotspot_avg_count,station_hour_avg_count
H31,Unmapped Location,Upparpet,12.977891,77.577947,0.0,0.0,266.73,High,100.0,90.5,96.2,10 AM - 12 PM,10,2024-04-08,proxy,0.0,1.0,0.0,0.0,0.0,0.0,0.0,False,SCOOTER,WRONG PARKING,112,193410.0,107.45,254.0,252.0,280.43,107.45,289.18
H134,Unmapped Location,Kodigehalli,13.051569,77.587429,0.0,0.0,26.35,High,99.19,89.66,95.38,10 AM - 12 PM,10,2024-04-08,proxy,0.0,1.0,0.0,0.0,0.0,0.0,0.0,False,SCOOTER,WRONG PARKING,112,14703.0,8.17,35.0,78.0,40.29,8.17,7.78
H14,Unmapped Location,HSR Layout,12.915859,77.628265,0.0,0.0,18.09,High,97.58,88.7,94.03,10 AM - 12 PM,10,2024-04-08,proxy,0.0,1.0,0.0,0.0,0.0,0.0,0.0,False,CAR,WRONG PARKING,112,12576.0,6.99,45.0,23.0,19.86,6.99,6.23
H88,Unmapped Location,HAL Old Airport,12.965612,77.715616,0.0,0.0,5.45,High,93.55,92.18,93.0,8 AM - 10 AM,8,2024-04-08,proxy,0.0,1.0,0.0,0.0,0.0,0.0,0.0,False,CAR,WRONG PARKING,112,4753.0,2.64,16.0,0.0,6.14,2.64,10.81
H40,BTP130 - GD Mara Junction,Mico Layout,12.910977,77.603799,0.0,0.0,2.57,High,91.94,94.02,92.77,8 AM - 10 AM,8,2024-04-08,proxy,0.0,1.0,0.0,0.0,0.0,0.0,0.0,False,SCOOTER,NO PARKING,113,1316.0,0.73,0.0,23.0,3.29,0.73,0.37
H116,Unmapped Location,K.R. Pura,13.002567,77.685981,0.0,0.0,19.73,High,98.39,82.83,92.17,12 AM - 2 AM,0,2024-04-08,proxy,0.0,1.0,0.0,0.0,0.0,0.0,0.0,False,CAR,WRONG PARKING,112,11331.0,6.3,56.0,12.0,25.29,6.3,2.25
H46,Unmapped Location,HAL Old Airport,12.936736,77.691009,0.0,0.0,11.51,High,96.77,82.81,91.19,2 AM - 4 AM,2,2024-04-08,proxy,0.0,1.0,0.0,0.0,0.0,0.0,0.0,False,SCOOTER,NO PARKING,113,20215.0,11.23,2.0,0.0,14.86,11.23,9.74
H118,Unmapped Location,Rajajinagar,13.01382,77.530415,0.0,0.0,4.77,High,92.74,85.35,89.78,10 AM - 12 PM,10,2024-04-08,proxy,0.0,1.0,0.0,0.0,0.0,0.0,0.0,False,CAR,WRONG PARKING,112,1697.0,0.94,0.0,17.0,7.14,0.94,3.97
H157,Unmapped Location,Kodigehalli,13.047667,77.575538,0.0,0.0,10.18,High,95.97,79.62,89.43,2 AM - 4 AM,2,2024-04-08,proxy,0.0,1.0,0.0,0.0,0.0,0.0,0.0,False,SCOOTER,WRONG PARKING,112,1154.0,0.64,10.0,0.0,13.86,0.64,3.42
H3,Unmapped Location,Electronic City,12.841834,77.646064,0.0,0.0,5.94,High,95.16,80.67,89.36,12 PM - 2 PM,12,2024-04-08,proxy,0.0,1.0,0.0,0.0,0.0,0.0,0.0,False,SCOOTER,WRONG PARKING,112,2117.0,1.18,23.0,0.0,8.29,1.18,1.19
H204,Unmapped Location,Chikkajala,13.185567,77.680498,0.0,0.0,5.53,High,94.35,80.78,88.92,2 AM - 4 AM,2,2024-04-08,proxy,0.0,1.0,0.0,0.0,0.0,0.0,0.0,False,CAR,NO PARKING,113,5140.0,2.86,20.0,15.0,5.43,2.86,2.08
H30,Unmapped Location,Bellandur,12.904761,77.677643,0.0,0.0,2.14,High,91.13,83.68,88.15,10 AM - 12 PM,10,2024-04-08,proxy,0.0,1.0,0.0,0.0,0.0,0.0,0.0,False,CAR,NO PARKING,113,1254.0,0.7,7.0,5.0,3.0,0.7,0.98
H99,Unmapped Location,Jeevanbheemanagar,12.972514,77.657556,0.0,0.0,1.5,High,87.9,82.93,85.91,6 AM - 8 AM,6,2024-04-08,proxy,0.0,1.0,0.0,0.0,0.0,0.0,0.0,False,SCOOTER,NO PARKING,113,1375.0,0.76,11.0,0.0,1.57,0.76,2.67
H163,Unmapped Location,Chikkabanavara,13.047896,77.499912,0.0,0.0,2.13,High,90.32,76.13,84.64,12 PM - 2 PM,12,2024-04-08,proxy,0.0,1.0,0.0,0.0,0.0,0.0,0.0,False,SCOOTER,WRONG PARKING,112,747.0,0.42,0.0,0.0,6.14,0.42,0.5
H66,BTP155 - Katriguppe Junction,Banashankari,12.92672,77.55071,0.0,0.0,0.97,High,86.29,80.52,83.98,10 AM - 12 PM,10,2024-04-08,proxy,0.0,1.0,0.0,0.0,0.0,0.0,0.0,False,SCOOTER,NO PARKING,113,343.0,0.19,0.0,0.0,4.43,0.19,0.26
H121,Unmapped Location,Mahadevapura,13.007778,77.758358,0.0,0.0,0.95,High,85.48,81.24,83.78,8 AM - 10 AM,8,2024-04-08,proxy,0.0,1.0,0.0,0.0,0.0,0.0,0.0,False,CAR,NO PARKING,113,276.0,0.15,9.0,0.0,1.29,0.15,0.26
H105,Unmapped Location,Mahadevapura,12.987422,77.734254,0.0,0.0,1.57,High,88.71,74.94,83.2,4 AM - 6 AM,4,2024-04-08,proxy,0.0,1.0,0.0,0.0,0.0,0.0,0.0,False,MOTOR CYCLE,PARKING ON FOOTPATH | WRONG PARKING,105 | 112,723.0,0.4,0.0,0.0,4.86,0.4,0.56
H167,Unmapped Location,Hennuru,13.057325,77.65017,0.0,0.0,1.73,High,89.52,71.63,82.36,10 AM - 12 PM,10,2024-04-08,proxy,0.0,1.0,0.0,0.0,0.0,0.0,0.0,False,CAR,NO PARKING,113,120.0,0.07,25.0,0.0,3.86,0.07,0.14
H193,Unmapped Location,Yelahanka,13.096058,77.597669,0.0,0.0,0.9,High,83.06,80.28,81.95,10 AM - 12 PM,10,2024-04-08,proxy,0.0,1.0,0.0,0.0,0.0,0.0,0.0,False,SCOOTER,WRONG PARKING,112,1263.0,0.7,1.0,5.0,1.0,0.7,0.28
H10,Unmapped Location,Thalagattapura,12.875421,77.542338,0.0,0.0,0.92,High,84.68,76.06,81.23,6 AM - 8 AM,6,2024-04-08,proxy,0.0,1.0,0.0,0.0,0.0,0.0,0.0,False,CAR,WRONG PARKING,112,340.0,0.19,1.0,7.0,1.29,0.19,0.11
H165,Unmapped Location,Hennuru,13.047265,77.628322,0.0,0.0,1.02,High,87.1,72.19,81.14,6 AM - 8 AM,6,2024-04-08,proxy,0.0,1.0,0.0,0.0,0.0,0.0,0.0,False,SCOOTER,NO PARKING,113,162.0,0.09,8.0,0.0,2.0,0.09,0.09
H124,Unmapped Location,Sadashivanagar,13.007668,77.580576,0.0,0.0,0.9,High,83.87,75.46,80.51,10 AM - 12 PM,10,2024-04-08,proxy,0.0,1.0,0.0,0.0,0.0,0.0,0.0,False,CAR,NO PARKING,113,336.0,0.19,0.0,5.0,1.71,0.19,0.45
H111,Unmapped Location,Banaswadi,12.993364,77.662403,0.0,0.0,0.78,High,80.65,72.26,77.29,2 PM - 4 PM,14,2024-04-08,proxy,0.0,1.0,0.0,0.0,0.0,0.0,0.0,False,SCOOTER,NO PARKING,113,956.0,0.53,3.0,0.0,3.0,0.53,0.24
H208,Unmapped Location,Devanahalli Airport,13.244785,77.713253,0.0,0.0,0.79,High,81.45,70.94,77.25,8 AM - 10 AM,8,2024-04-08,proxy,0.0,1.0,0.0,0.0,0.0,0.0,0.0,False,CAR,NO PARKING,113,83.0,0.05,0.0,0.0,3.29,0.05,0.16
H137,Unmapped Location,Banaswadi,13.022269,77.639179,0.0,0.0,0.54,Medium,75.81,77.59,76.52,8 AM - 10 AM,8,2024-04-08,proxy,0.0,1.0,0.0,0.0,0.0,0.0,0.0,False,SCOOTER,WRONG PARKING,112,316.0,0.18,0.0,3.0,0.43,0.18,0.19
H20,Unmapped Location,Thalagattapura,12.888649,77.562751,0.0,0.0,0.71,Medium,78.23,73.86,76.48,10 AM - 12 PM,10,2024-04-08,proxy,0.0,1.0,0.0,0.0,0.0,0.0,0.0,False,SCOOTER,NO PARKING,113,385.0,0.21,0.0,0.0,3.0,0.21,0.64
H112,Unmapped Location,Kamakshipalya,12.989557,77.503193,0.0,0.0,0.74,High,79.84,69.53,75.72,12 PM - 2 PM,12,2024-04-08,proxy,0.0,1.0,0.0,0.0,0.0,0.0,0.0,False,SCOOTER,NO PARKING,113,464.0,0.26,1.0,6.0,1.57,0.26,0.16
H168,Unmapped Location,Chikkabanavara,13.054227,77.507489,0.0,0.0,0.72,Medium,79.03,70.21,75.5,10 AM - 12 PM,10,2024-04-08,proxy,0.0,1.0,0.0,0.0,0.0,0.0,0.0,False,CAR,NO PARKING,113,203.0,0.11,0.0,4.0,0.86,0.11,0.84
H13,Unmapped Location,Hulimavu,12.877844,77.596136,0.0,0.0,0.61,Medium,76.61,70.2,74.05,12 AM - 2 AM,0,2024-04-08,proxy,0.0,1.0,0.0,0.0,0.0,0.0,0.0,False,SCOOTER,WRONG PARKING,112,780.0,0.43,0.0,0.0,2.86,0.43,0.08
H162,Unmapped Location,K.R. Pura,13.045834,77.75028,0.0,0.0,0.49,Medium,73.39,74.62,73.88,8 AM - 10 AM,8,2024-04-08,proxy,0.0,1.0,0.0,0.0,0.0,0.0,0.0,False,CAR,NO PARKING,113,228.0,0.13,0.0,2.0,0.57,0.13,1.12
H2,Unmapped Location,Electronic City,12.839959,77.67711,0.0,0.0,0.49,Medium,72.58,72.5,72.55,10 AM - 12 PM,10,2024-04-08,proxy,0.0,1.0,0.0,0.0,0.0,0.0,0.0,False,SCOOTER,NO PARKING,113,477.0,0.26,0.0,2.0,1.29,0.26,0.5
H140,Unmapped Location,Yeshwanthpura,13.031824,77.559324,0.0,0.0,0.52,Medium,74.19,67.23,71.41,4 AM - 6 AM,4,2024-04-08,proxy,0.0,1.0,0.0,0.0,0.0,0.0,0.0,False,CAR,WRONG PARKING,112,477.0,0.26,0.0,3.0,0.43,0.26,0.81
H176,Unmapped Location,No Police Station,13.057334,77.472814,0.0,0.0,0.84,High,82.26,54.58,71.19,4 AM - 6 AM,4,2024-04-08,proxy,0.0,1.0,0.0,0.0,0.0,0.0,0.0,False,CAR,WRONG PARKING,112,47.0,0.03,9.0,0.0,1.29,0.03,0.08
H205,Unmapped Location,Chikkajala,13.191203,77.646189,0.0,0.0,0.47,Medium,71.77,68.49,70.46,4 AM - 6 AM,4,2024-04-08,proxy,0.0,1.0,0.0,0.0,0.0,0.0,0.0,False,CAR,NO PARKING,113,959.0,0.53,0.0,0.0,0.0,0.53,3.18
H198,Unmapped Location,Yelahanka,13.121472,77.623785,0.0,0.0,0.29,Medium,64.52,75.82,69.04,8 AM - 10 AM,8,2024-04-08,proxy,0.0,1.0,0.0,0.0,0.0,0.0,0.0,False,MAXI-CAB,WRONG PARKING,112,587.0,0.33,0.0,1.0,0.29,0.33,0.19
H174,Unmapped Location,Jalahalli,13.05728,77.546938,0.0,0.0,0.34,Medium,69.35,66.56,68.23,10 AM - 12 PM,10,2024-04-08,proxy,0.0,1.0,0.0,0.0,0.0,0.0,0.0,False,CAR,NO PARKING,113,217.0,0.12,2.0,0.0,1.57,0.12,0.37
H182,Unmapped Location,Hennuru,13.063265,77.650323,0.0,0.0,0.66,Medium,77.42,54.06,68.08,12 PM - 2 PM,12,2024-04-08,proxy,0.0,1.0,0.0,0.0,0.0,0.0,0.0,False,CAR,WRONG PARKING,112,57.0,0.03,0.0,0.0,3.0,0.03,0.2
H60,Unmapped Location,HSR Layout,12.92333,77.651112,0.0,0.0,0.42,Medium,70.97,63.52,67.99,10 AM - 12 PM,10,2024-04-08,proxy,0.0,1.0,0.0,0.0,0.0,0.0,0.0,False,CAR,NO PARKING,113,133.0,0.07,1.0,1.0,0.86,0.07,6.23
H147,Unmapped Location,K.G. Halli,13.034395,77.624786,0.0,0.0,0.3,Medium,66.94,65.38,66.32,2 AM - 4 AM,2,2024-04-08,proxy,0.0,1.0,0.0,0.0,0.0,0.0,0.0,False,CAR,NO PARKING,113,735.0,0.41,0.0,0.0,1.0,0.41,0.74
H37,Unmapped Location,Bellandur,12.905181,77.700489,0.0,0.0,0.28,Medium,63.71,68.04,65.44,10 AM - 12 PM,10,2024-04-08,proxy,0.0,1.0,0.0,0.0,0.0,0.0,0.0,False,CAR,WRONG PARKING,112,421.0,0.23,1.0,0.0,1.29,0.23,0.98
H39,Unmapped Location,HSR Layout,12.903501,77.642076,0.0,0.0,0.34,Medium,70.16,57.02,64.9,10 AM - 12 PM,10,2024-04-08,proxy,0.0,1.0,0.0,0.0,0.0,0.0,0.0,False,LGV,WRONG PARKING,112,58.0,0.03,0.0,0.0,1.14,0.03,6.23
H87,Unmapped Location,HAL Old Airport,12.950108,77.689734,0.0,0.0,0.53,Medium,75.0,48.48,64.39,4 AM - 6 AM,4,2024-04-08,proxy,0.0,1.0,0.0,0.0,0.0,0.0,0.0,False,CAR,NO PARKING,113,31.0,0.02,0.0,0.0,0.0,0.02,13.88
H179,Unmapped Location,Kodigehalli,13.061419,77.575747,0.0,0.0,0.29,Medium,65.32,62.16,64.06,10 AM - 12 PM,10,2024-04-08,proxy,0.0,1.0,0.0,0.0,0.0,0.0,0.0,False,CAR,WRONG PARKING,112,154.0,0.09,0.0,0.0,0.29,0.09,7.78
H11,Unmapped Location,Electronic City,12.870558,77.654862,0.0,0.0,0.26,Medium,61.29,68.13,64.03,10 AM - 12 PM,10,2024-04-08,proxy,0.0,1.0,0.0,0.0,0.0,0.0,0.0,False,CAR,WRONG PARKING,112,576.0,0.32,1.0,0.0,0.71,0.32,0.5
H76,Unmapped Location,Whitefield,12.941046,77.747371,0.0,0.0,0.31,Medium,67.74,57.96,63.83,12 PM - 2 PM,12,2024-04-08,proxy,0.0,1.0,0.0,0.0,0.0,0.0,0.0,False,CAR,WRONG PARKING,112,185.0,0.1,4.0,0.0,0.57,0.1,0.15
H180,Unmapped Location,No Police Station,13.058688,77.466389,0.0,0.0,0.32,Medium,68.55,54.88,63.08,10 AM - 12 PM,10,2024-04-08,proxy,0.0,1.0,0.0,0.0,0.0,0.0,0.0,False,CAR,WRONG PARKING,112,49.0,0.03,3.0,0.0,0.43,0.03,0.06
H100,Unmapped Location,Mahadevapura,12.978983,77.695266,0.0,0.0,0.28,Medium,62.9,62.62,62.79,4 AM - 6 AM,4,2024-04-08,proxy,0.0,1.0,0.0,0.0,0.0,0.0,0.0,False,MAXI-CAB,NO PARKING,113,575.0,0.32,0.0,0.0,1.29,0.32,0.56
H155,Unmapped Location,Peenya,13.039807,77.517288,0.0,0.0,0.27,Medium,62.1,62.02,62.07,4 AM - 6 AM,4,2024-04-08,proxy,0.0,1.0,0.0,0.0,0.0,0.0,0.0,False,CAR,NO PARKING,113,556.0,0.31,0.0,1.0,1.0,0.31,0.22
H96,Unmapped Location,Jnanabharathi,12.973134,77.509356,0.0,0.0,0.24,Medium,59.68,64.1,61.45,10 PM - 12 AM,22,2024-04-08,proxy,0.0,1.0,0.0,0.0,0.0,0.0,0.0,False,CAR,NO PARKING,113,303.0,0.17,0.0,2.0,0.29,0.17,0.01
H24,Unmapped Location,J.P. Nagar,12.894513,77.598928,0.0,0.0,0.26,Medium,60.48,62.1,61.13,6 AM - 8 AM,6,2024-04-08,proxy,0.0,1.0,0.0,0.0,0.0,0.0,0.0,False,CAR,NO PARKING,113,207.0,0.12,0.0,0.0,1.43,0.12,0.87
H185,Unmapped Location,Kodigehalli,13.067851,77.580407,0.0,0.0,0.3,Medium,66.13,52.38,60.63,10 AM - 12 PM,10,2024-04-08,proxy,0.0,1.0,0.0,0.0,0.0,0.0,0.0,False,CAR,WRONG PARKING,112,42.0,0.02,0.0,0.0,0.0,0.02,7.78
H33,Unmapped Location,Whitefield,12.896649,77.720053,0.0,0.0,0.23,Medium,58.87,59.73,59.21,6 AM - 8 AM,6,2024-04-08,proxy,0.0,1.0,0.0,0.0,0.0,0.0,0.0,False,SCOOTER,WRONG PARKING,112,170.0,0.09,0.0,1.0,0.14,0.09,0.27
H194,Unmapped Location,Yelahanka,13.099034,77.583428,0.0,0.0,0.21,Medium,57.26,58.66,57.82,4 AM - 6 AM,4,2024-04-08,proxy,0.0,1.0,0.0,0.0,0.0,0.0,0.0,False,SCOOTER,NO PARKING,113,397.0,0.22,2.0,0.0,0.29,0.22,0.39
H29,Unmapped Location,Bellandur,12.897694,77.658709,0.0,0.0,0.2,Medium,56.45,57.7,56.95,10 AM - 12 PM,10,2024-04-08,proxy,0.0,1.0,0.0,0.0,0.0,0.0,0.0,False,SCOOTER,WRONG PARKING,112,143.0,0.08,0.0,0.0,0.14,0.08,0.98
H126,Unmapped Location,K.R. Pura,13.003463,77.723496,0.0,0.0,0.23,Medium,58.06,52.65,55.9,4 AM - 6 AM,4,2024-04-08,proxy,0.0,1.0,0.0,0.0,0.0,0.0,0.0,False,SCOOTER,PARKING IN A MAIN ROAD | WRONG PARKING,107 | 112,148.0,0.08,0.0,0.0,1.43,0.08,0.72
H1,Unmapped Location,Electronic City,12.820389,77.687665,0.0,0.0,0.19,Medium,50.81,59.87,54.43,10 AM - 12 PM,10,2024-04-08,proxy,0.0,1.0,0.0,0.0,0.0,0.0,0.0,False,SCOOTER,PARKING IN A MAIN ROAD | WRONG PARKING,107 | 112,293.0,0.16,0.0,0.0,0.0,0.16,0.5
H135,Unmapped Location,K.R. Pura,13.018334,77.707739,0.0,0.0,0.19,Medium,54.03,52.36,53.36,6 AM - 8 AM,6,2024-04-08,proxy,0.0,1.0,0.0,0.0,0.0,0.0,0.0,False,CAR,NO PARKING,113,82.0,0.05,1.0,0.0,0.14,0.05,1.17
H16,Unmapped Location,Electronic City,12.875976,77.670978,0.0,0.0,0.19,Medium,53.23,51.77,52.65,10 AM - 12 PM,10,2024-04-08,proxy,0.0,1.0,0.0,0.0,0.0,0.0,0.0,False,SCOOTER,WRONG PARKING,112,80.0,0.04,0.0,0.0,0.0,0.04,0.5
H74,Unmapped Location,Wilson Garden,12.93822,77.592627,0.0,0.0,0.19,Medium,54.84,49.32,52.63,4 AM - 6 AM,4,2024-04-08,proxy,0.0,1.0,0.0,0.0,0.0,0.0,0.0,False,VAN,NO PARKING,113,107.0,0.06,0.0,1.0,0.14,0.06,0.09
H113,Unmapped Location,Mahadevapura,12.99061,77.687861,0.0,0.0,0.19,Medium,55.65,46.96,52.17,10 AM - 12 PM,10,2024-04-08,proxy,0.0,1.0,0.0,0.0,0.0,0.0,0.0,False,SCOOTER,NO PARKING,113,38.0,0.02,0.0,0.0,0.0,0.02,0.43
H169,Unmapped Location,Jalahalli,13.050943,77.552695,0.0,0.0,0.19,Medium,49.19,55.84,51.85,10 AM - 12 PM,10,2024-04-08,proxy,0.0,1.0,0.0,0.0,0.0,0.0,0.0,False,SCOOTER,NO PARKING,113,197.0,0.11,0.0,0.0,0.86,0.11,0.37
H90,Unmapped Location,Whitefield,12.968756,77.748582,0.0,0.0,0.19,Low,45.16,59.45,50.88,10 AM - 12 PM,10,2024-04-08,proxy,0.0,1.0,0.0,0.0,0.0,0.0,0.0,False,CAR,NO PARKING,113,403.0,0.22,0.0,0.0,0.0,0.22,0.33
H150,Unmapped Location,K.R. Pura,13.026376,77.720588,0.0,0.0,0.19,Medium,52.42,48.1,50.69,6 AM - 8 AM,6,2024-04-08,proxy,0.0,1.0,0.0,0.0,0.0,0.0,0.0,False,CAR,NO PARKING,113,52.0,0.03,0.0,0.0,0.0,0.03,1.17
H7,Unmapped Location,Electronic City,12.850931,77.65745,0.0,0.0,0.19,Low,48.39,52.89,50.19,10 AM - 12 PM,10,2024-04-08,proxy,0.0,1.0,0.0,0.0,0.0,0.0,0.0,False,SCOOTER,WRONG PARKING,112,116.0,0.06,0.0,0.0,0.0,0.06,0.5
H125,Unmapped Location,K.R. Pura,13.004545,77.711938,0.0,0.0,0.19,Medium,50.0,49.37,49.75,10 AM - 12 PM,10,2024-04-08,proxy,0.0,1.0,0.0,0.0,0.0,0.0,0.0,False,SCOOTER,WRONG PARKING,112,68.0,0.04,0.0,0.0,0.0,0.04,2.09
H8,Unmapped Location,Electronic City,12.855132,77.663926,0.0,0.0,0.19,Low,47.58,52.76,49.65,10 AM - 12 PM,10,2024-04-08,proxy,0.0,1.0,0.0,0.0,0.0,0.0,0.0,False,SCOOTER,PARKING IN A MAIN ROAD | WRONG PARKING,107 | 112,120.0,0.07,0.0,0.0,0.0,0.07,0.5
H172,Unmapped Location,K.R. Pura,13.054275,77.762915,0.0,0.0,0.19,Low,45.97,50.86,47.93,6 AM - 8 AM,6,2024-04-08,proxy,0.0,1.0,0.0,0.0,0.0,0.0,0.0,False,MOTOR CYCLE,WRONG PARKING,112,105.0,0.06,0.0,0.0,0.0,0.06,1.17
H195,Unmapped Location,Yelahanka,13.097931,77.566931,0.0,0.0,0.19,Medium,51.61,40.08,47.0,2 AM - 4 AM,2,2024-04-08,proxy,0.0,1.0,0.0,0.0,0.0,0.0,0.0,False,SCOOTER,NO PARKING,113,43.0,0.02,0.0,1.0,0.14,0.02,0.6
H154,Unmapped Location,K.R. Pura,13.035396,77.735297,0.0,0.0,0.19,Low,44.35,50.36,46.75,6 AM - 8 AM,6,2024-04-08,proxy,0.0,1.0,0.0,0.0,0.0,0.0,0.0,False,MOTOR CYCLE,PARKING ON FOOTPATH | NO PARKING,105 | 113,106.0,0.06,0.0,0.0,0.0,0.06,1.17
H48,"BTP164 - 29th Main Road, BTM Layout",Mico Layout,12.915407,77.615747,0.0,0.0,0.19,Low,46.77,46.23,46.55,10 AM - 12 PM,10,2024-04-08,proxy,0.0,1.0,0.0,0.0,0.0,0.0,0.0,False,SCOOTER,WRONG PARKING,112,36.0,0.02,0.0,0.0,0.57,0.02,0.94
H186,Unmapped Location,Hennuru,13.070455,77.63119,0.0,0.0,0.18,Low,41.94,53.29,46.48,10 AM - 12 PM,10,2024-04-08,proxy,0.0,1.0,0.0,0.0,0.0,0.0,0.0,False,CAR,NO PARKING,113,202.0,0.11,0.0,0.0,1.29,0.11,0.14
H22,Unmapped Location,Electronic City,12.887345,77.649644,0.0,0.0,0.19,Low,48.39,42.98,46.23,10 AM - 12 PM,10,2024-04-08,proxy,0.0,1.0,0.0,0.0,0.0,0.0,0.0,False,SCOOTER,WRONG PARKING,112,33.0,0.02,0.0,0.0,0.0,0.02,0.5
H199,Unmapped Location,Chikkajala,13.143377,77.617833,0.0,0.0,0.18,Low,42.74,51.05,46.06,10 AM - 12 PM,10,2024-04-08,proxy,0.0,1.0,0.0,0.0,0.0,0.0,0.0,False,MOTOR CYCLE,NO PARKING,113,138.0,0.08,0.0,0.0,0.0,0.08,1.71
H41,Unmapped Location,K.S. Layout,12.908182,77.547243,0.0,0.0,0.17,Low,37.9,55.48,44.93,10 AM - 12 PM,10,2024-04-08,proxy,0.0,1.0,0.0,0.0,0.0,0.0,0.0,False,CAR,PARKING IN A MAIN ROAD | WRONG PARKING,107 | 112,367.0,0.2,1.0,0.0,0.14,0.2,0.31
H129,Unmapped Location,Peenya,13.010795,77.506331,0.0,0.0,0.17,Low,39.52,50.89,44.07,8 AM - 10 AM,8,2024-04-08,proxy,0.0,1.0,0.0,0.0,0.0,0.0,0.0,False,PASSENGER AUTO,WRONG PARKING,112,72.0,0.04,0.0,0.0,1.43,0.04,0.21
H0,Unmapped Location,Electronic City,12.806362,77.69841,0.0,0.0,0.18,Low,43.55,42.22,43.02,10 AM - 12 PM,10,2024-04-08,proxy,0.0,1.0,0.0,0.0,0.0,0.0,0.0,False,CAR,PARKING IN A MAIN ROAD | WRONG PARKING | NO PARKING,107 | 112 | 113,42.0,0.02,0.0,0.0,0.0,0.02,0.5
H6,Unmapped Location,Hulimavu,12.856087,77.588879,0.0,0.0,0.17,Low,38.71,47.35,42.17,6 AM - 8 AM,6,2024-04-08,proxy,0.0,1.0,0.0,0.0,0.0,0.0,0.0,False,CAR,NO PARKING,113,98.0,0.05,0.0,0.0,0.0,0.05,0.4
H166,Unmapped Location,Jalahalli,13.047538,77.545569,0.0,0.0,0.17,Low,36.29,50.27,41.88,10 AM - 12 PM,10,2024-04-08,proxy,0.0,1.0,0.0,0.0,0.0,0.0,0.0,False,CAR,WRONG PARKING | NO PARKING | PARKING IN A MAIN ROAD,112 | 113 | 107,199.0,0.11,0.0,0.0,0.57,0.11,0.37
H15,Unmapped Location,Hulimavu,12.876004,77.61662,0.0,0.0,0.18,Low,40.32,43.6,41.63,6 AM - 8 AM,6,2024-04-08,proxy,0.0,1.0,0.0,0.0,0.0,0.0,0.0,False,CAR,NO PARKING,113,58.0,0.03,0.0,0.0,0.0,0.03,0.4
H102,Unmapped Location,Mahadevapura,12.980431,77.724321,0.0,0.0,0.18,Low,41.13,40.9,41.04,10 AM - 12 PM,10,2024-04-08,proxy,0.0,1.0,0.0,0.0,0.0,0.0,0.0,False,CAR,WRONG PARKING,112,41.0,0.02,0.0,0.0,0.0,0.02,0.43
H149,Unmapped Location,Peenya,13.026724,77.519346,0.0,0.0,0.17,Low,37.1,42.38,39.21,10 AM - 12 PM,10,2024-04-08,proxy,0.0,1.0,0.0,0.0,0.0,0.0,0.0,False,CAR,WRONG PARKING,112,59.0,0.03,0.0,0.0,0.29,0.03,0.39
H92,Unmapped Location,Whitefield,12.960037,77.732203,0.0,0.0,0.16,Low,30.65,50.33,38.52,10 AM - 12 PM,10,2024-04-08,proxy,0.0,1.0,0.0,0.0,0.0,0.0,0.0,False,CAR,NO PARKING,113,251.0,0.14,1.0,0.0,0.14,0.14,0.33
H55,BTP128 - Gorappanapalya Junction,Mico Layout,12.920771,77.600478,0.0,0.0,0.17,Low,34.68,43.38,38.16,10 AM - 12 PM,10,2024-04-08,proxy,0.0,1.0,0.0,0.0,0.0,0.0,0.0,False,SCOOTER,NO PARKING,113,51.0,0.03,0.0,0.0,0.0,0.03,0.94
H190,Unmapped Location,Yelahanka,13.081696,77.548261,0.0,0.0,0.17,Low,35.48,40.71,37.57,10 AM - 12 PM,10,2024-04-08,proxy,0.0,1.0,0.0,0.0,0.0,0.0,0.0,False,CAR,NO PARKING,113,53.0,0.03,0.0,0.0,0.43,0.03,0.28
H106,Unmapped Location,Whitefield,12.98546,77.745654,0.0,0.0,0.16,Low,32.26,44.92,37.32,10 AM - 12 PM,10,2024-04-08,proxy,0.0,1.0,0.0,0.0,0.0,0.0,0.0,False,SCOOTER,PARKING IN A MAIN ROAD | NO PARKING,107 | 113,106.0,0.06,0.0,0.0,0.0,0.06,0.33
H9,Unmapped Location,Thalagattapura,12.861937,77.529998,0.0,0.0,0.16,Low,33.06,42.22,36.72,10 AM - 12 PM,10,2024-04-08,proxy,0.0,1.0,0.0,0.0,0.0,0.0,0.0,False,CAR,NO PARKING,113,74.0,0.04,0.0,0.0,0.0,0.04,0.64
H171,Unmapped Location,Jalahalli,13.050495,77.525531,0.0,0.0,0.15,Low,27.42,48.64,35.91,10 AM - 12 PM,10,2024-04-08,proxy,0.0,1.0,0.0,0.0,0.0,0.0,0.0,False,SCOOTER,NO PARKING,113,250.0,0.14,0.0,0.0,0.0,0.14,0.37
H28,Unmapped Location,K.S. Layout,12.895386,77.56936,0.0,0.0,0.17,Low,33.87,38.94,35.9,2 AM - 4 AM,2,2024-04-08,proxy,0.0,1.0,0.0,0.0,0.0,0.0,0.0,False,CAR,NO PARKING,113,96.0,0.05,0.0,1.0,0.14,0.05,0.1
H109,Unmapped Location,Kamakshipalya,12.987117,77.519542,0.0,0.0,0.15,Low,26.61,47.8,35.09,10 AM - 12 PM,10,2024-04-08,proxy,0.0,1.0,0.0,0.0,0.0,0.0,0.0,False,SCOOTER,NO PARKING,113,239.0,0.13,0.0,0.0,0.0,0.13,0.36
H25,Unmapped Location,Thalagattapura,12.892228,77.572089,0.0,0.0,0.16,Low,31.45,35.12,32.92,10 AM - 12 PM,10,2024-04-08,proxy,0.0,1.0,0.0,0.0,0.0,0.0,0.0,False,CAR,WRONG PARKING,112,32.0,0.02,0.0,0.0,0.0,0.02,0.64
H122,Unmapped Location,Banaswadi,13.003475,77.662375,0.0,0.0,0.15,Low,25.81,40.13,31.54,10 AM - 12 PM,10,2024-04-08,proxy,0.0,1.0,0.0,0.0,0.0,0.0,0.0,False,SCOOTER,NO PARKING,113,88.0,0.05,0.0,0.0,0.14,0.05,0.26
H131,Unmapped Location,Banaswadi,13.013022,77.626417,0.0,0.0,0.15,Low,25.81,39.66,31.35,10 AM - 12 PM,10,2024-04-08,proxy,0.0,1.0,0.0,0.0,0.0,0.0,0.0,False,SCOOTER,NO PARKING,113,82.0,0.05,0.0,0.0,0.14,0.05,0.26
H123,Unmapped Location,Banaswadi,13.002153,77.633033,0.0,0.0,0.15,Low,25.81,38.72,30.97,10 AM - 12 PM,10,2024-04-08,proxy,0.0,1.0,0.0,0.0,0.0,0.0,0.0,False,SCOOTER,NO PARKING,113,72.0,0.04,0.0,0.0,0.0,0.04,0.26
H191,Unmapped Location,Hennuru,13.084163,77.636699,0.0,0.0,0.15,Low,23.39,41.4,30.59,10 AM - 12 PM,10,2024-04-08,proxy,0.0,1.0,0.0,0.0,0.0,0.0,0.0,False,MOTOR CYCLE,WRONG PARKING,112,108.0,0.06,0.0,0.0,0.29,0.06,0.14
H173,Unmapped Location,Jalahalli,13.05501,77.534914,0.0,0.0,0.15,Low,25.0,38.83,30.53,10 AM - 12 PM,10,2024-04-08,proxy,0.0,1.0,0.0,0.0,0.0,0.0,0.0,False,SCOOTER,WRONG PARKING,112,75.0,0.04,0.0,0.0,0.0,0.04,0.37
H196,Unmapped Location,Yelahanka,13.109415,77.603515,0.0,0.0,0.16,Low,28.23,33.81,30.46,4 AM - 6 AM,4,2024-04-08,proxy,0.0,1.0,0.0,0.0,0.0,0.0,0.0,False,MAXI-CAB,WRONG PARKING,112,72.0,0.04,0.0,0.0,0.0,0.04,0.39
H183,Unmapped Location,Jalahalli,13.06855,77.530308,0.0,0.0,0.15,Low,24.19,39.64,30.37,10 AM - 12 PM,10,2024-04-08,proxy,0.0,1.0,0.0,0.0,0.0,0.0,0.0,False,SCOOTER,WRONG PARKING,112,90.0,0.05,0.0,0.0,0.0,0.05,0.37
H156,Unmapped Location,K.G. Halli,13.041945,77.613494,0.0,0.0,0.16,Low,29.03,30.16,29.48,4 AM - 6 AM,4,2024-04-08,proxy,0.0,1.0,0.0,0.0,0.0,0.0,0.0,False,CAR,WRONG PARKING,112,44.0,0.02,0.0,0.0,0.0,0.02,0.44
H141,Unmapped Location,K.G. Halli,13.020839,77.613511,0.0,0.0,0.16,Low,29.84,28.64,29.36,4 AM - 6 AM,4,2024-04-08,proxy,0.0,1.0,0.0,0.0,0.0,0.0,0.0,False,LGV,WRONG PARKING,112,33.0,0.02,0.0,0.0,0.0,0.02,0.44
H108,Unmapped Location,Kamakshipalya,12.985925,77.487399,0.0,0.0,0.15,Low,26.61,32.71,29.05,10 AM - 12 PM,10,2024-04-08,proxy,0.0,1.0,0.0,0.0,0.0,0.0,0.0,False,SCOOTER,NO PARKING,113,31.0,0.02,0.0,0.0,0.0,0.02,0.36
H73,Unmapped Location,Jnanabharathi,12.940046,77.493491,0.0,0.0,0.15,Low,20.97,39.37,28.33,10 AM - 12 PM,10,2024-04-08,proxy,0.0,1.0,0.0,0.0,0.0,0.0,0.0,False,CAR,NO PARKING,113,98.0,0.05,0.0,0.0,0.0,0.05,0.33
H119,Unmapped Location,Kamakshipalya,12.999235,77.488836,0.0,0.0,0.15,Low,22.58,36.09,27.98,10 AM - 12 PM,10,2024-04-08,proxy,0.0,1.0,0.0,0.0,0.0,0.0,0.0,False,SCOOTER,WRONG PARKING,112,60.0,0.03,0.0,0.0,0.0,0.03,0.36
H160,Unmapped Location,Jalahalli,13.045803,77.522417,0.0,0.0,0.15,Low,21.77,36.43,27.63,10 AM - 12 PM,10,2024-04-08,proxy,0.0,1.0,0.0,0.0,0.0,0.0,0.0,False,CAR,NO PARKING,113,64.0,0.04,0.0,0.0,0.14,0.04,0.37
H89,Unmapped Location,Ashok Nagar,12.953593,77.620581,0.0,0.0,0.15,Low,20.16,35.0,26.1,10 AM - 12 PM,10,2024-04-08,proxy,0.0,1.0,0.0,0.0,0.0,0.0,0.0,False,SCOOTER,NO PARKING,113,60.0,0.03,0.0,0.0,0.0,0.03,0.12
H207,Unmapped Location,Devanahalli Airport,13.197931,77.704821,0.0,0.0,0.15,Low,18.55,37.34,26.07,10 AM - 12 PM,10,2024-04-08,proxy,0.0,1.0,0.0,0.0,0.0,0.0,0.0,False,CAR,NO PARKING,113,92.0,0.05,0.0,0.0,0.0,0.05,0.15
H107,Unmapped Location,Kamakshipalya,12.986494,77.477476,0.0,0.0,0.15,Low,16.13,36.49,24.27,10 AM - 12 PM,10,2024-04-08,proxy,0.0,1.0,0.0,0.0,0.0,0.0,0.0,False,CAR,WRONG PARKING,112,94.0,0.05,1.0,0.0,0.14,0.05,0.36
H127,Unmapped Location,Banaswadi,13.010512,77.659483,0.0,0.0,0.15,Low,19.35,31.56,24.23,10 AM - 12 PM,10,2024-04-08,proxy,0.0,1.0,0.0,0.0,0.0,0.0,0.0,False,CAR,NO PARKING,113,43.0,0.02,0.0,0.0,0.0,0.02,0.26
H115,Unmapped Location,Banaswadi,12.992411,77.652563,0.0,0.0,0.14,Low,12.9,39.98,23.73,10 AM - 12 PM,10,2024-04-08,proxy,0.0,1.0,0.0,0.0,0.0,0.0,0.0,False,CAR,PARKING IN A MAIN ROAD | WRONG PARKING,107 | 112,201.0,0.11,0.0,0.0,0.0,0.11,0.26
H132,Unmapped Location,Kamakshipalya,13.014138,77.492155,0.0,0.0,0.15,Low,16.94,33.78,23.68,10 AM - 12 PM,10,2024-04-08,proxy,0.0,1.0,0.0,0.0,0.0,0.0,0.0,False,CAR,WRONG PARKING,112,61.0,0.03,0.0,0.0,0.0,0.03,0.36
H42,Unmapped Location,K.S. Layout,12.907727,77.533021,0.0,0.0,0.15,Low,15.32,33.76,22.7,10 AM - 12 PM,10,2024-04-08,proxy,0.0,1.0,0.0,0.0,0.0,0.0,0.0,False,MOPED,PARKING IN A MAIN ROAD | WRONG PARKING,107 | 112,68.0,0.04,0.0,0.0,0.0,0.04,0.31
H138,Unmapped Location,Hennuru,13.021125,77.656798,0.0,0.0,0.14,Low,13.71,35.63,22.48,10 AM - 12 PM,10,2024-04-08,proxy,0.0,1.0,0.0,0.0,0.0,0.0,0.0,False,CAR,WRONG PARKING,112,95.0,0.05,0.0,0.0,0.0,0.05,0.14
H103,Unmapped Location,Banaswadi,12.983575,77.679835,0.0,0.0,0.15,Low,17.74,29.19,22.32,10 AM - 12 PM,10,2024-04-08,proxy,0.0,1.0,0.0,0.0,0.0,0.0,0.0,False,PASSENGER AUTO,PARKING OPPOSITE TO ANOTHER PARKED VEHICLE | WRONG PARKING,108 | 112,33.0,0.02,0.0,0.0,0.0,0.02,0.26
H197,Unmapped Location,Yelahanka,13.116475,77.578116,0.0,0.0,0.15,Low,14.52,30.57,20.94,10 AM - 12 PM,10,2024-04-08,proxy,0.0,1.0,0.0,0.0,0.0,0.0,0.0,False,CAR,NO PARKING,113,49.0,0.03,0.0,0.0,0.0,0.03,0.28
H71,Unmapped Location,Banashankari,12.934976,77.536518,0.0,0.0,0.14,Low,8.06,39.69,20.71,10 AM - 12 PM,10,2024-04-08,proxy,0.0,1.0,0.0,0.0,0.0,0.0,0.0,False,SCOOTER,NO PARKING,113,244.0,0.14,0.0,0.0,0.0,0.14,0.26
H44,Unmapped Location,Kengeri,12.912927,77.482045,0.0,0.0,0.14,Low,9.68,36.41,20.37,10 AM - 12 PM,10,2024-04-08,proxy,0.0,1.0,0.0,0.0,0.0,0.0,0.0,False,CAR,NO PARKING,113,139.0,0.08,0.0,0.0,0.29,0.08,0.23
H189,Unmapped Location,Yelahanka,13.079226,77.559018,0.0,0.0,0.14,Low,12.1,29.01,18.86,10 AM - 12 PM,10,2024-04-08,proxy,0.0,1.0,0.0,0.0,0.0,0.0,0.0,False,CAR,WRONG PARKING,112,47.0,0.03,0.0,0.0,0.0,0.03,0.28
H83,Unmapped Location,Ashok Nagar,12.948509,77.627459,0.0,0.0,0.14,Low,11.29,27.23,17.67,10 AM - 12 PM,10,2024-04-08,proxy,0.0,1.0,0.0,0.0,0.0,0.0,0.0,False,CAR,WRONG PARKING,112,39.0,0.02,0.0,0.0,0.0,0.02,0.12
H181,Unmapped Location,No Police Station,13.060787,77.461243,0.0,0.0,0.14,Low,10.48,26.87,17.04,10 AM - 12 PM,10,2024-04-08,proxy,0.0,1.0,0.0,0.0,0.0,0.0,0.0,False,CAR,WRONG PARKING,112,39.0,0.02,1.0,0.0,0.57,0.02,0.06
H75,Unmapped Location,Basavanagudi,12.938113,77.556209,0.0,0.0,0.14,Low,8.87,28.97,16.91,10 AM - 12 PM,10,2024-04-08,proxy,0.0,1.0,0.0,0.0,0.0,0.0,0.0,False,CAR,WRONG PARKING,112,56.0,0.03,1.0,0.0,0.29,0.03,0.23
H51,"BTP202 - East End Main Road, Jayanagar",Jayanagara,12.917171,77.596061,0.0,0.0,0.09,Low,0.81,38.99,16.08,10 AM - 12 PM,10,2024-04-08,proxy,0.0,1.0,0.0,0.0,0.0,0.0,0.0,False,CAR,NO PARKING | WRONG PARKING | PARKING ON FOOTPATH,113 | 112 | 105,211.0,0.12,0.0,0.0,0.14,0.12,0.06
H86,BTP132 - Anepalya Junction,Ashok Nagar,12.951352,77.607214,0.0,0.0,0.13,Low,4.84,32.91,16.07,2 AM - 4 AM,2,2024-04-08,proxy,0.0,1.0,0.0,0.0,0.0,0.0,0.0,False,CAR,NO PARKING,113,170.0,0.09,0.0,0.0,1.14,0.09,0.13
H50,Unmapped Location,Kengeri,12.91705,77.500186,0.0,0.0,0.14,Low,7.26,27.54,15.37,10 AM - 12 PM,10,2024-04-08,proxy,0.0,1.0,0.0,0.0,0.0,0.0,0.0,False,SCOOTER,NO PARKING,113,51.0,0.03,0.0,0.0,0.0,0.03,0.23
H18,Unmapped Location,No Police Station,12.883557,77.752354,0.0,0.0,0.13,Low,5.65,27.05,14.21,10 AM - 12 PM,10,2024-04-08,proxy,0.0,1.0,0.0,0.0,0.0,0.0,0.0,False,CAR,WRONG PARKING,112,52.0,0.03,0.0,0.0,0.0,0.03,0.06
H43,Unmapped Location,Kengeri,12.909758,77.51337,0.0,0.0,0.14,Low,7.26,24.0,13.96,10 AM - 12 PM,10,2024-04-08,proxy,0.0,1.0,0.0,0.0,0.0,0.0,0.0,False,SCOOTER,NO PARKING,113,31.0,0.02,0.0,0.0,0.0,0.02,0.23
H80,Unmapped Location,Banashankari,12.94232,77.548342,0.0,0.0,0.14,Low,6.45,24.34,13.61,10 AM - 12 PM,10,2024-04-08,proxy,0.0,1.0,0.0,0.0,0.0,0.0,0.0,False,SCOOTER,WRONG PARKING | PARKING IN A MAIN ROAD,112 | 107,35.0,0.02,0.0,0.0,0.0,0.02,0.26
H94,BTP142 - Lower Agram Road Junction,Ashok Nagar,12.961753,77.615236,0.0,0.0,0.11,Low,3.23,28.76,13.44,10 AM - 12 PM,10,2024-04-08,proxy,0.0,1.0,0.0,0.0,0.0,0.0,0.0,False,CAR,WRONG PARKING,112,48.0,0.03,0.0,0.0,0.0,0.03,0.12
H67,"BTP127 - Sagar Hospital, Jayanagar",Jayanagara,12.927266,77.597192,0.0,0.0,0.09,Low,1.61,30.62,13.21,10 AM - 12 PM,10,2024-04-08,proxy,0.0,1.0,0.0,0.0,0.0,0.0,0.0,False,CAR,NO PARKING,113,63.0,0.04,0.0,0.0,0.0,0.04,0.06
H81,BTP134 - Mico Bande,Adugodi,12.945697,77.602548,0.0,0.0,0.11,Low,2.42,28.63,12.9,6 AM - 8 AM,6,2024-04-08,proxy,0.0,1.0,0.0,0.0,0.0,0.0,0.0,False,CAR,WRONG PARKING,112,49.0,0.03,0.0,0.0,0.0,0.03,0.07
H70,Unmapped Location,Jayanagara,12.931521,77.59255,0.0,0.0,0.12,Low,4.03,19.14,10.07,12 PM - 2 PM,12,2024-04-08,proxy,0.0,1.0,0.0,0.0,0.0,0.0,0.0,False,SCOOTER,WRONG PARKING,112,46.0,0.03,0.0,0.0,0.0,0.03,0.13
